ID,area_cd,area_nm,signgu_cd,signgu_nm,full_region_nm,area_nm_normalized,signgu_nm_normalized,full_region_nm_normalized,usage_note
region_11_11110,11,서울특별시,11110,종로구,서울특별시 종로구,서울특별시,종로구,서울특별시종로구,API 요청의 areaCd와 signguCd 파라미터 매핑에 사용
region_11_11140,11,서울특별시,11140,중구,서울특별시 중구,서울특별시,중구,서울특별시중구,API 요청의 areaCd와 signguCd 파라미터 매핑에 사용
region_11_11170,11,서울특별시,11170,용산구,서울특별시 용산구,서울특별시,용산구,서울특별시용산구,API 요청의 areaCd와 signguCd 파라미터 매핑에 사용
region_11_11200,11,서울특별시,11200,성동구,서울특별시 성동구,서울특별시,성동구,서울특별시성동구,API 요청의 areaCd와 signguCd 파라미터 매핑에 사용
region_11_11215,11,서울특별시,11215,광진구,서울특별시 광진구,서울특별시,광진구,서울특별시광진구,API 요청의 areaCd와 signguCd 파라미터 매핑에 사용
region_11_11230,11,서울특별시,11230,동대문구,서울특별시 동대문구,서울특별시,동대문구,서울특별시동대문구,API 요청의 areaCd와 signguCd 파라미터 매핑에 사용
region_11_11260,11,서울특별시,11260,중랑구,서울특별시 중랑구,서울특별시,중랑구,서울특별시중랑구,API 요청의 areaCd와 signguCd 파라미터 매핑에 사용
region_11_11290,11,서울특별시,11290,성북구,서울특별시 성북구,서울특별시,성북구,서울특별시성북구,API 요청의 areaCd와 signguCd 파라미터 매핑에 사용
region_11_11305,11,서울특별시,11305,강북구,서울특별시 강북구,서울특별시,강북구,서울특별시강북구,API 요청의 areaCd와 signguCd 파라미터 매핑에 사용
region_11_11320,11,서울특별시,11320,도봉구,서울특별시 도봉구,서울특별시,도봉구,서울특별시도봉구,API 요청의 areaCd와 signguCd 파라미터 매핑에 사용
region_11_11350,11,서울특별시,11350,노원구,서울특별시 노원구,서울특별시,노원구,서울특별시노원구,API 요청의 areaCd와 signguCd 파라미터 매핑에 사용
region_11_11380,11,서울특별시,11380,은평구,서울특별시 은평구,서울특별시,은평구,서울특별시은평구,API 요청의 areaCd와 signguCd 파라미터 매핑에 사용
region_11_11410,11,서울특별시,11410,서대문구,서울특별시 서대문구,서울특별시,서대문구,서울특별시서대문구,API 요청의 areaCd와 signguCd 파라미터 매핑에 사용
region_11_11440,11,서울특별시,11440,마포구,서울특별시 마포구,서울특별시,마포구,서울특별시마포구,API 요청의 areaCd와 signguCd 파라미터 매핑에 사용
region_11_11470,11,서울특별시,11470,양천구,서울특별시 양천구,서울특별시,양천구,서울특별시양천구,API 요청의 areaCd와 signguCd 파라미터 매핑에 사용
region_11_11500,11,서울특별시,11500,강서구,서울특별시 강서구,서울특별시,강서구,서울특별시강서구,API 요청의 areaCd와 signguCd 파라미터 매핑에 사용
region_11_11530,11,서울특별시,11530,구로구,서울특별시 구로구,서울특별시,구로구,서울특별시구로구,API 요청의 areaCd와 signguCd 파라미터 매핑에 사용
region_11_11545,11,서울특별시,11545,금천구,서울특별시 금천구,서울특별시,금천구,서울특별시금천구,API 요청의 areaCd와 signguCd 파라미터 매핑에 사용
region_11_11560,11,서울특별시,11560,영등포구,서울특별시 영등포구,서울특별시,영등포구,서울특별시영등포구,API 요청의 areaCd와 signguCd 파라미터 매핑에 사용
region_11_11590,11,서울특별시,11590,동작구,서울특별시 동작구,서울특별시,동작구,서울특별시동작구,API 요청의 areaCd와 signguCd 파라미터 매핑에 사용
region_11_11620,11,서울특별시,11620,관악구,서울특별시 관악구,서울특별시,관악구,서울특별시관악구,API 요청의 areaCd와 signguCd 파라미터 매핑에 사용
region_11_11650,11,서울특별시,11650,서초구,서울특별시 서초구,서울특별시,서초구,서울특별시서초구,API 요청의 areaCd와 signguCd 파라미터 매핑에 사용
region_11_11680,11,서울특별시,11680,강남구,서울특별시 강남구,서울특별시,강남구,서울특별시강남구,API 요청의 areaCd와 signguCd 파라미터 매핑에 사용
region_11_11710,11,서울특별시,11710,송파구,서울특별시 송파구,서울특별시,송파구,서울특별시송파구,API 요청의 areaCd와 signguCd 파라미터 매핑에 사용
region_11_11740,11,서울특별시,11740,강동구,서울특별시 강동구,서울특별시,강동구,서울특별시강동구,API 요청의 areaCd와 signguCd 파라미터 매핑에 사용
region_26_26110,26,부산광역시,26110,중구,부산광역시 중구,부산광역시,중구,부산광역시중구,API 요청의 areaCd와 signguCd 파라미터 매핑에 사용
region_26_26140,26,부산광역시,26140,서구,부산광역시 서구,부산광역시,서구,부산광역시서구,API 요청의 areaCd와 signguCd 파라미터 매핑에 사용
region_26_26170,26,부산광역시,26170,동구,부산광역시 동구,부산광역시,동구,부산광역시동구,API 요청의 areaCd와 signguCd 파라미터 매핑에 사용
region_26_26200,26,부산광역시,26200,영도구,부산광역시 영도구,부산광역시,영도구,부산광역시영도구,API 요청의 areaCd와 signguCd 파라미터 매핑에 사용
region_26_26230,26,부산광역시,26230,부산진구,부산광역시 부산진구,부산광역시,부산진구,부산광역시부산진구,API 요청의 areaCd와 signguCd 파라미터 매핑에 사용
region_26_26260,26,부산광역시,26260,동래구,부산광역시 동래구,부산광역시,동래구,부산광역시동래구,API 요청의 areaCd와 signguCd 파라미터 매핑에 사용
region_26_26290,26,부산광역시,26290,남구,부산광역시 남구,부산광역시,남구,부산광역시남구,API 요청의 areaCd와 signguCd 파라미터 매핑에 사용
region_26_26320,26,부산광역시,26320,북구,부산광역시 북구,부산광역시,북구,부산광역시북구,API 요청의 areaCd와 signguCd 파라미터 매핑에 사용
region_26_26350,26,부산광역시,26350,해운대구,부산광역시 해운대구,부산광역시,해운대구,부산광역시해운대구,API 요청의 areaCd와 signguCd 파라미터 매핑에 사용
region_26_26380,26,부산광역시,26380,사하구,부산광역시 사하구,부산광역시,사하구,부산광역시사하구,API 요청의 areaCd와 signguCd 파라미터 매핑에 사용
region_26_26410,26,부산광역시,26410,금정구,부산광역시 금정구,부산광역시,금정구,부산광역시금정구,API 요청의 areaCd와 signguCd 파라미터 매핑에 사용
region_26_26440,26,부산광역시,26440,강서구,부산광역시 강서구,부산광역시,강서구,부산광역시강서구,API 요청의 areaCd와 signguCd 파라미터 매핑에 사용
region_26_26470,26,부산광역시,26470,연제구,부산광역시 연제구,부산광역시,연제구,부산광역시연제구,API 요청의 areaCd와 signguCd 파라미터 매핑에 사용
region_26_26500,26,부산광역시,26500,수영구,부산광역시 수영구,부산광역시,수영구,부산광역시수영구,API 요청의 areaCd와 signguCd 파라미터 매핑에 사용
region_26_26530,26,부산광역시,26530,사상구,부산광역시 사상구,부산광역시,사상구,부산광역시사상구,API 요청의 areaCd와 signguCd 파라미터 매핑에 사용
region_26_26710,26,부산광역시,26710,기장군,부산광역시 기장군,부산광역시,기장군,부산광역시기장군,API 요청의 areaCd와 signguCd 파라미터 매핑에 사용
region_27_27110,27,대구광역시,27110,중구,대구광역시 중구,대구광역시,중구,대구광역시중구,API 요청의 areaCd와 signguCd 파라미터 매핑에 사용
region_27_27140,27,대구광역시,27140,동구,대구광역시 동구,대구광역시,동구,대구광역시동구,API 요청의 areaCd와 signguCd 파라미터 매핑에 사용
region_27_27170,27,대구광역시,27170,서구,대구광역시 서구,대구광역시,서구,대구광역시서구,API 요청의 areaCd와 signguCd 파라미터 매핑에 사용
region_27_27200,27,대구광역시,27200,남구,대구광역시 남구,대구광역시,남구,대구광역시남구,API 요청의 areaCd와 signguCd 파라미터 매핑에 사용
region_27_27230,27,대구광역시,27230,북구,대구광역시 북구,대구광역시,북구,대구광역시북구,API 요청의 areaCd와 signguCd 파라미터 매핑에 사용
region_27_27260,27,대구광역시,27260,수성구,대구광역시 수성구,대구광역시,수성구,대구광역시수성구,API 요청의 areaCd와 signguCd 파라미터 매핑에 사용
region_27_27290,27,대구광역시,27290,달서구,대구광역시 달서구,대구광역시,달서구,대구광역시달서구,API 요청의 areaCd와 signguCd 파라미터 매핑에 사용
region_27_27710,27,대구광역시,27710,달성군,대구광역시 달성군,대구광역시,달성군,대구광역시달성군,API 요청의 areaCd와 signguCd 파라미터 매핑에 사용
region_27_27720,27,대구광역시,27720,군위군,대구광역시 군위군,대구광역시,군위군,대구광역시군위군,API 요청의 areaCd와 signguCd 파라미터 매핑에 사용
region_28_28110,28,인천광역시,28110,중구,인천광역시 중구,인천광역시,중구,인천광역시중구,API 요청의 areaCd와 signguCd 파라미터 매핑에 사용
region_28_28140,28,인천광역시,28140,동구,인천광역시 동구,인천광역시,동구,인천광역시동구,API 요청의 areaCd와 signguCd 파라미터 매핑에 사용
region_28_28177,28,인천광역시,28177,미추홀구,인천광역시 미추홀구,인천광역시,미추홀구,인천광역시미추홀구,API 요청의 areaCd와 signguCd 파라미터 매핑에 사용
region_28_28185,28,인천광역시,28185,연수구,인천광역시 연수구,인천광역시,연수구,인천광역시연수구,API 요청의 areaCd와 signguCd 파라미터 매핑에 사용
region_28_28200,28,인천광역시,28200,남동구,인천광역시 남동구,인천광역시,남동구,인천광역시남동구,API 요청의 areaCd와 signguCd 파라미터 매핑에 사용
region_28_28237,28,인천광역시,28237,부평구,인천광역시 부평구,인천광역시,부평구,인천광역시부평구,API 요청의 areaCd와 signguCd 파라미터 매핑에 사용
region_28_28245,28,인천광역시,28245,계양구,인천광역시 계양구,인천광역시,계양구,인천광역시계양구,API 요청의 areaCd와 signguCd 파라미터 매핑에 사용
region_28_28260,28,인천광역시,28260,서구,인천광역시 서구,인천광역시,서구,인천광역시서구,API 요청의 areaCd와 signguCd 파라미터 매핑에 사용
region_28_28710,28,인천광역시,28710,강화군,인천광역시 강화군,인천광역시,강화군,인천광역시강화군,API 요청의 areaCd와 signguCd 파라미터 매핑에 사용
region_28_28720,28,인천광역시,28720,옹진군,인천광역시 옹진군,인천광역시,옹진군,인천광역시옹진군,API 요청의 areaCd와 signguCd 파라미터 매핑에 사용
region_29_29110,29,광주광역시,29110,동구,광주광역시 동구,광주광역시,동구,광주광역시동구,API 요청의 areaCd와 signguCd 파라미터 매핑에 사용
region_29_29140,29,광주광역시,29140,서구,광주광역시 서구,광주광역시,서구,광주광역시서구,API 요청의 areaCd와 signguCd 파라미터 매핑에 사용
region_29_29155,29,광주광역시,29155,남구,광주광역시 남구,광주광역시,남구,광주광역시남구,API 요청의 areaCd와 signguCd 파라미터 매핑에 사용
region_29_29170,29,광주광역시,29170,북구,광주광역시 북구,광주광역시,북구,광주광역시북구,API 요청의 areaCd와 signguCd 파라미터 매핑에 사용
region_29_29200,29,광주광역시,29200,광산구,광주광역시 광산구,광주광역시,광산구,광주광역시광산구,API 요청의 areaCd와 signguCd 파라미터 매핑에 사용
region_30_30110,30,대전광역시,30110,동구,대전광역시 동구,대전광역시,동구,대전광역시동구,API 요청의 areaCd와 signguCd 파라미터 매핑에 사용
region_30_30140,30,대전광역시,30140,중구,대전광역시 중구,대전광역시,중구,대전광역시중구,API 요청의 areaCd와 signguCd 파라미터 매핑에 사용
region_30_30170,30,대전광역시,30170,서구,대전광역시 서구,대전광역시,서구,대전광역시서구,API 요청의 areaCd와 signguCd 파라미터 매핑에 사용
region_30_30200,30,대전광역시,30200,유성구,대전광역시 유성구,대전광역시,유성구,대전광역시유성구,API 요청의 areaCd와 signguCd 파라미터 매핑에 사용
region_30_30230,30,대전광역시,30230,대덕구,대전광역시 대덕구,대전광역시,대덕구,대전광역시대덕구,API 요청의 areaCd와 signguCd 파라미터 매핑에 사용
region_31_31110,31,울산광역시,31110,중구,울산광역시 중구,울산광역시,중구,울산광역시중구,API 요청의 areaCd와 signguCd 파라미터 매핑에 사용
region_31_31140,31,울산광역시,31140,남구,울산광역시 남구,울산광역시,남구,울산광역시남구,API 요청의 areaCd와 signguCd 파라미터 매핑에 사용
region_31_31170,31,울산광역시,31170,동구,울산광역시 동구,울산광역시,동구,울산광역시동구,API 요청의 areaCd와 signguCd 파라미터 매핑에 사용
region_31_31200,31,울산광역시,31200,북구,울산광역시 북구,울산광역시,북구,울산광역시북구,API 요청의 areaCd와 signguCd 파라미터 매핑에 사용
region_31_31710,31,울산광역시,31710,울주군,울산광역시 울주군,울산광역시,울주군,울산광역시울주군,API 요청의 areaCd와 signguCd 파라미터 매핑에 사용
region_36_36110,36,세종특별자치시,36110,세종특별자치시,세종특별자치시 세종특별자치시,세종특별자치시,세종특별자치시,세종특별자치시세종특별자치시,API 요청의 areaCd와 signguCd 파라미터 매핑에 사용
region_41_41111,41,경기도,41111,수원시 장안구,경기도 수원시 장안구,경기도,수원시장안구,경기도수원시장안구,API 요청의 areaCd와 signguCd 파라미터 매핑에 사용
region_41_41113,41,경기도,41113,수원시 권선구,경기도 수원시 권선구,경기도,수원시권선구,경기도수원시권선구,API 요청의 areaCd와 signguCd 파라미터 매핑에 사용
region_41_41115,41,경기도,41115,수원시 팔달구,경기도 수원시 팔달구,경기도,수원시팔달구,경기도수원시팔달구,API 요청의 areaCd와 signguCd 파라미터 매핑에 사용
region_41_41117,41,경기도,41117,수원시 영통구,경기도 수원시 영통구,경기도,수원시영통구,경기도수원시영통구,API 요청의 areaCd와 signguCd 파라미터 매핑에 사용
region_41_41131,41,경기도,41131,성남시 수정구,경기도 성남시 수정구,경기도,성남시수정구,경기도성남시수정구,API 요청의 areaCd와 signguCd 파라미터 매핑에 사용
region_41_41133,41,경기도,41133,성남시 중원구,경기도 성남시 중원구,경기도,성남시중원구,경기도성남시중원구,API 요청의 areaCd와 signguCd 파라미터 매핑에 사용
region_41_41135,41,경기도,41135,성남시 분당구,경기도 성남시 분당구,경기도,성남시분당구,경기도성남시분당구,API 요청의 areaCd와 signguCd 파라미터 매핑에 사용
region_41_41150,41,경기도,41150,의정부시,경기도 의정부시,경기도,의정부시,경기도의정부시,API 요청의 areaCd와 signguCd 파라미터 매핑에 사용
region_41_41171,41,경기도,41171,안양시 만안구,경기도 안양시 만안구,경기도,안양시만안구,경기도안양시만안구,API 요청의 areaCd와 signguCd 파라미터 매핑에 사용
region_41_41173,41,경기도,41173,안양시 동안구,경기도 안양시 동안구,경기도,안양시동안구,경기도안양시동안구,API 요청의 areaCd와 signguCd 파라미터 매핑에 사용
region_41_41192,41,경기도,41192,부천시 원미구,경기도 부천시 원미구,경기도,부천시원미구,경기도부천시원미구,API 요청의 areaCd와 signguCd 파라미터 매핑에 사용
region_41_41194,41,경기도,41194,부천시 소사구,경기도 부천시 소사구,경기도,부천시소사구,경기도부천시소사구,API 요청의 areaCd와 signguCd 파라미터 매핑에 사용
region_41_41196,41,경기도,41196,부천시 오정구,경기도 부천시 오정구,경기도,부천시오정구,경기도부천시오정구,API 요청의 areaCd와 signguCd 파라미터 매핑에 사용
region_41_41210,41,경기도,41210,광명시,경기도 광명시,경기도,광명시,경기도광명시,API 요청의 areaCd와 signguCd 파라미터 매핑에 사용
region_41_41220,41,경기도,41220,평택시,경기도 평택시,경기도,평택시,경기도평택시,API 요청의 areaCd와 signguCd 파라미터 매핑에 사용
region_41_41250,41,경기도,41250,동두천시,경기도 동두천시,경기도,동두천시,경기도동두천시,API 요청의 areaCd와 signguCd 파라미터 매핑에 사용
region_41_41271,41,경기도,41271,안산시 상록구,경기도 안산시 상록구,경기도,안산시상록구,경기도안산시상록구,API 요청의 areaCd와 signguCd 파라미터 매핑에 사용
region_41_41273,41,경기도,41273,안산시 단원구,경기도 안산시 단원구,경기도,안산시단원구,경기도안산시단원구,API 요청의 areaCd와 signguCd 파라미터 매핑에 사용
region_41_41281,41,경기도,41281,고양시 덕양구,경기도 고양시 덕양구,경기도,고양시덕양구,경기도고양시덕양구,API 요청의 areaCd와 signguCd 파라미터 매핑에 사용
region_41_41285,41,경기도,41285,고양시 일산동구,경기도 고양시 일산동구,경기도,고양시일산동구,경기도고양시일산동구,API 요청의 areaCd와 signguCd 파라미터 매핑에 사용
region_41_41287,41,경기도,41287,고양시 일산서구,경기도 고양시 일산서구,경기도,고양시일산서구,경기도고양시일산서구,API 요청의 areaCd와 signguCd 파라미터 매핑에 사용
region_41_41290,41,경기도,41290,과천시,경기도 과천시,경기도,과천시,경기도과천시,API 요청의 areaCd와 signguCd 파라미터 매핑에 사용
region_41_41310,41,경기도,41310,구리시,경기도 구리시,경기도,구리시,경기도구리시,API 요청의 areaCd와 signguCd 파라미터 매핑에 사용
region_41_41360,41,경기도,41360,남양주시,경기도 남양주시,경기도,남양주시,경기도남양주시,API 요청의 areaCd와 signguCd 파라미터 매핑에 사용
region_41_41370,41,경기도,41370,오산시,경기도 오산시,경기도,오산시,경기도오산시,API 요청의 areaCd와 signguCd 파라미터 매핑에 사용
region_41_41390,41,경기도,41390,시흥시,경기도 시흥시,경기도,시흥시,경기도시흥시,API 요청의 areaCd와 signguCd 파라미터 매핑에 사용
region_41_41410,41,경기도,41410,군포시,경기도 군포시,경기도,군포시,경기도군포시,API 요청의 areaCd와 signguCd 파라미터 매핑에 사용
region_41_41430,41,경기도,41430,의왕시,경기도 의왕시,경기도,의왕시,경기도의왕시,API 요청의 areaCd와 signguCd 파라미터 매핑에 사용
region_41_41450,41,경기도,41450,하남시,경기도 하남시,경기도,하남시,경기도하남시,API 요청의 areaCd와 signguCd 파라미터 매핑에 사용
region_41_41461,41,경기도,41461,용인시 처인구,경기도 용인시 처인구,경기도,용인시처인구,경기도용인시처인구,API 요청의 areaCd와 signguCd 파라미터 매핑에 사용
region_41_41463,41,경기도,41463,용인시 기흥구,경기도 용인시 기흥구,경기도,용인시기흥구,경기도용인시기흥구,API 요청의 areaCd와 signguCd 파라미터 매핑에 사용
region_41_41465,41,경기도,41465,용인시 수지구,경기도 용인시 수지구,경기도,용인시수지구,경기도용인시수지구,API 요청의 areaCd와 signguCd 파라미터 매핑에 사용
region_41_41480,41,경기도,41480,파주시,경기도 파주시,경기도,파주시,경기도파주시,API 요청의 areaCd와 signguCd 파라미터 매핑에 사용
region_41_41500,41,경기도,41500,이천시,경기도 이천시,경기도,이천시,경기도이천시,API 요청의 areaCd와 signguCd 파라미터 매핑에 사용
region_41_41550,41,경기도,41550,안성시,경기도 안성시,경기도,안성시,경기도안성시,API 요청의 areaCd와 signguCd 파라미터 매핑에 사용
region_41_41570,41,경기도,41570,김포시,경기도 김포시,경기도,김포시,경기도김포시,API 요청의 areaCd와 signguCd 파라미터 매핑에 사용
region_41_41590,41,경기도,41590,화성시,경기도 화성시,경기도,화성시,경기도화성시,API 요청의 areaCd와 signguCd 파라미터 매핑에 사용
region_41_41610,41,경기도,41610,광주시,경기도 광주시,경기도,광주시,경기도광주시,API 요청의 areaCd와 signguCd 파라미터 매핑에 사용
region_41_41630,41,경기도,41630,양주시,경기도 양주시,경기도,양주시,경기도양주시,API 요청의 areaCd와 signguCd 파라미터 매핑에 사용
region_41_41650,41,경기도,41650,포천시,경기도 포천시,경기도,포천시,경기도포천시,API 요청의 areaCd와 signguCd 파라미터 매핑에 사용
region_41_41670,41,경기도,41670,여주시,경기도 여주시,경기도,여주시,경기도여주시,API 요청의 areaCd와 signguCd 파라미터 매핑에 사용
region_41_41800,41,경기도,41800,연천군,경기도 연천군,경기도,연천군,경기도연천군,API 요청의 areaCd와 signguCd 파라미터 매핑에 사용
region_41_41820,41,경기도,41820,가평군,경기도 가평군,경기도,가평군,경기도가평군,API 요청의 areaCd와 signguCd 파라미터 매핑에 사용
region_41_41830,41,경기도,41830,양평군,경기도 양평군,경기도,양평군,경기도양평군,API 요청의 areaCd와 signguCd 파라미터 매핑에 사용
region_43_43111,43,충청북도,43111,청주시 상당구,충청북도 청주시 상당구,충청북도,청주시상당구,충청북도청주시상당구,API 요청의 areaCd와 signguCd 파라미터 매핑에 사용
region_43_43112,43,충청북도,43112,청주시 서원구,충청북도 청주시 서원구,충청북도,청주시서원구,충청북도청주시서원구,API 요청의 areaCd와 signguCd 파라미터 매핑에 사용
region_43_43113,43,충청북도,43113,청주시 흥덕구,충청북도 청주시 흥덕구,충청북도,청주시흥덕구,충청북도청주시흥덕구,API 요청의 areaCd와 signguCd 파라미터 매핑에 사용
region_43_43114,43,충청북도,43114,청주시 청원구,충청북도 청주시 청원구,충청북도,청주시청원구,충청북도청주시청원구,API 요청의 areaCd와 signguCd 파라미터 매핑에 사용
region_43_43130,43,충청북도,43130,충주시,충청북도 충주시,충청북도,충주시,충청북도충주시,API 요청의 areaCd와 signguCd 파라미터 매핑에 사용
region_43_43150,43,충청북도,43150,제천시,충청북도 제천시,충청북도,제천시,충청북도제천시,API 요청의 areaCd와 signguCd 파라미터 매핑에 사용
region_43_43720,43,충청북도,43720,보은군,충청북도 보은군,충청북도,보은군,충청북도보은군,API 요청의 areaCd와 signguCd 파라미터 매핑에 사용
region_43_43730,43,충청북도,43730,옥천군,충청북도 옥천군,충청북도,옥천군,충청북도옥천군,API 요청의 areaCd와 signguCd 파라미터 매핑에 사용
region_43_43740,43,충청북도,43740,영동군,충청북도 영동군,충청북도,영동군,충청북도영동군,API 요청의 areaCd와 signguCd 파라미터 매핑에 사용
region_43_43745,43,충청북도,43745,증평군,충청북도 증평군,충청북도,증평군,충청북도증평군,API 요청의 areaCd와 signguCd 파라미터 매핑에 사용
region_43_43750,43,충청북도,43750,진천군,충청북도 진천군,충청북도,진천군,충청북도진천군,API 요청의 areaCd와 signguCd 파라미터 매핑에 사용
region_43_43760,43,충청북도,43760,괴산군,충청북도 괴산군,충청북도,괴산군,충청북도괴산군,API 요청의 areaCd와 signguCd 파라미터 매핑에 사용
region_43_43770,43,충청북도,43770,음성군,충청북도 음성군,충청북도,음성군,충청북도음성군,API 요청의 areaCd와 signguCd 파라미터 매핑에 사용
region_43_43800,43,충청북도,43800,단양군,충청북도 단양군,충청북도,단양군,충청북도단양군,API 요청의 areaCd와 signguCd 파라미터 매핑에 사용
region_44_44131,44,충청남도,44131,천안시 동남구,충청남도 천안시 동남구,충청남도,천안시동남구,충청남도천안시동남구,API 요청의 areaCd와 signguCd 파라미터 매핑에 사용
region_44_44133,44,충청남도,44133,천안시 서북구,충청남도 천안시 서북구,충청남도,천안시서북구,충청남도천안시서북구,API 요청의 areaCd와 signguCd 파라미터 매핑에 사용
region_44_44150,44,충청남도,44150,공주시,충청남도 공주시,충청남도,공주시,충청남도공주시,API 요청의 areaCd와 signguCd 파라미터 매핑에 사용
region_44_44180,44,충청남도,44180,보령시,충청남도 보령시,충청남도,보령시,충청남도보령시,API 요청의 areaCd와 signguCd 파라미터 매핑에 사용
region_44_44200,44,충청남도,44200,아산시,충청남도 아산시,충청남도,아산시,충청남도아산시,API 요청의 areaCd와 signguCd 파라미터 매핑에 사용
region_44_44210,44,충청남도,44210,서산시,충청남도 서산시,충청남도,서산시,충청남도서산시,API 요청의 areaCd와 signguCd 파라미터 매핑에 사용
region_44_44230,44,충청남도,44230,논산시,충청남도 논산시,충청남도,논산시,충청남도논산시,API 요청의 areaCd와 signguCd 파라미터 매핑에 사용
region_44_44250,44,충청남도,44250,계룡시,충청남도 계룡시,충청남도,계룡시,충청남도계룡시,API 요청의 areaCd와 signguCd 파라미터 매핑에 사용
region_44_44270,44,충청남도,44270,당진시,충청남도 당진시,충청남도,당진시,충청남도당진시,API 요청의 areaCd와 signguCd 파라미터 매핑에 사용
region_44_44710,44,충청남도,44710,금산군,충청남도 금산군,충청남도,금산군,충청남도금산군,API 요청의 areaCd와 signguCd 파라미터 매핑에 사용
region_44_44760,44,충청남도,44760,부여군,충청남도 부여군,충청남도,부여군,충청남도부여군,API 요청의 areaCd와 signguCd 파라미터 매핑에 사용
region_44_44770,44,충청남도,44770,서천군,충청남도 서천군,충청남도,서천군,충청남도서천군,API 요청의 areaCd와 signguCd 파라미터 매핑에 사용
region_44_44790,44,충청남도,44790,청양군,충청남도 청양군,충청남도,청양군,충청남도청양군,API 요청의 areaCd와 signguCd 파라미터 매핑에 사용
region_44_44800,44,충청남도,44800,홍성군,충청남도 홍성군,충청남도,홍성군,충청남도홍성군,API 요청의 areaCd와 signguCd 파라미터 매핑에 사용
region_44_44810,44,충청남도,44810,예산군,충청남도 예산군,충청남도,예산군,충청남도예산군,API 요청의 areaCd와 signguCd 파라미터 매핑에 사용
region_44_44825,44,충청남도,44825,태안군,충청남도 태안군,충청남도,태안군,충청남도태안군,API 요청의 areaCd와 signguCd 파라미터 매핑에 사용
region_46_46110,46,전라남도,46110,목포시,전라남도 목포시,전라남도,목포시,전라남도목포시,API 요청의 areaCd와 signguCd 파라미터 매핑에 사용
region_46_46130,46,전라남도,46130,여수시,전라남도 여수시,전라남도,여수시,전라남도여수시,API 요청의 areaCd와 signguCd 파라미터 매핑에 사용
region_46_46150,46,전라남도,46150,순천시,전라남도 순천시,전라남도,순천시,전라남도순천시,API 요청의 areaCd와 signguCd 파라미터 매핑에 사용
region_46_46170,46,전라남도,46170,나주시,전라남도 나주시,전라남도,나주시,전라남도나주시,API 요청의 areaCd와 signguCd 파라미터 매핑에 사용
region_46_46230,46,전라남도,46230,광양시,전라남도 광양시,전라남도,광양시,전라남도광양시,API 요청의 areaCd와 signguCd 파라미터 매핑에 사용
region_46_46710,46,전라남도,46710,담양군,전라남도 담양군,전라남도,담양군,전라남도담양군,API 요청의 areaCd와 signguCd 파라미터 매핑에 사용
region_46_46720,46,전라남도,46720,곡성군,전라남도 곡성군,전라남도,곡성군,전라남도곡성군,API 요청의 areaCd와 signguCd 파라미터 매핑에 사용
region_46_46730,46,전라남도,46730,구례군,전라남도 구례군,전라남도,구례군,전라남도구례군,API 요청의 areaCd와 signguCd 파라미터 매핑에 사용
region_46_46770,46,전라남도,46770,고흥군,전라남도 고흥군,전라남도,고흥군,전라남도고흥군,API 요청의 areaCd와 signguCd 파라미터 매핑에 사용
region_46_46780,46,전라남도,46780,보성군,전라남도 보성군,전라남도,보성군,전라남도보성군,API 요청의 areaCd와 signguCd 파라미터 매핑에 사용
region_46_46790,46,전라남도,46790,화순군,전라남도 화순군,전라남도,화순군,전라남도화순군,API 요청의 areaCd와 signguCd 파라미터 매핑에 사용
region_46_46800,46,전라남도,46800,장흥군,전라남도 장흥군,전라남도,장흥군,전라남도장흥군,API 요청의 areaCd와 signguCd 파라미터 매핑에 사용
region_46_46810,46,전라남도,46810,강진군,전라남도 강진군,전라남도,강진군,전라남도강진군,API 요청의 areaCd와 signguCd 파라미터 매핑에 사용
region_46_46820,46,전라남도,46820,해남군,전라남도 해남군,전라남도,해남군,전라남도해남군,API 요청의 areaCd와 signguCd 파라미터 매핑에 사용
region_46_46830,46,전라남도,46830,영암군,전라남도 영암군,전라남도,영암군,전라남도영암군,API 요청의 areaCd와 signguCd 파라미터 매핑에 사용
region_46_46840,46,전라남도,46840,무안군,전라남도 무안군,전라남도,무안군,전라남도무안군,API 요청의 areaCd와 signguCd 파라미터 매핑에 사용
region_46_46860,46,전라남도,46860,함평군,전라남도 함평군,전라남도,함평군,전라남도함평군,API 요청의 areaCd와 signguCd 파라미터 매핑에 사용
region_46_46870,46,전라남도,46870,영광군,전라남도 영광군,전라남도,영광군,전라남도영광군,API 요청의 areaCd와 signguCd 파라미터 매핑에 사용
region_46_46880,46,전라남도,46880,장성군,전라남도 장성군,전라남도,장성군,전라남도장성군,API 요청의 areaCd와 signguCd 파라미터 매핑에 사용
region_46_46890,46,전라남도,46890,완도군,전라남도 완도군,전라남도,완도군,전라남도완도군,API 요청의 areaCd와 signguCd 파라미터 매핑에 사용
region_46_46900,46,전라남도,46900,진도군,전라남도 진도군,전라남도,진도군,전라남도진도군,API 요청의 areaCd와 signguCd 파라미터 매핑에 사용
region_46_46910,46,전라남도,46910,신안군,전라남도 신안군,전라남도,신안군,전라남도신안군,API 요청의 areaCd와 signguCd 파라미터 매핑에 사용
region_47_47111,47,경상북도,47111,포항시 남구,경상북도 포항시 남구,경상북도,포항시남구,경상북도포항시남구,API 요청의 areaCd와 signguCd 파라미터 매핑에 사용
region_47_47113,47,경상북도,47113,포항시 북구,경상북도 포항시 북구,경상북도,포항시북구,경상북도포항시북구,API 요청의 areaCd와 signguCd 파라미터 매핑에 사용
region_47_47130,47,경상북도,47130,경주시,경상북도 경주시,경상북도,경주시,경상북도경주시,API 요청의 areaCd와 signguCd 파라미터 매핑에 사용
region_47_47150,47,경상북도,47150,김천시,경상북도 김천시,경상북도,김천시,경상북도김천시,API 요청의 areaCd와 signguCd 파라미터 매핑에 사용
region_47_47170,47,경상북도,47170,안동시,경상북도 안동시,경상북도,안동시,경상북도안동시,API 요청의 areaCd와 signguCd 파라미터 매핑에 사용
region_47_47190,47,경상북도,47190,구미시,경상북도 구미시,경상북도,구미시,경상북도구미시,API 요청의 areaCd와 signguCd 파라미터 매핑에 사용
region_47_47210,47,경상북도,47210,영주시,경상북도 영주시,경상북도,영주시,경상북도영주시,API 요청의 areaCd와 signguCd 파라미터 매핑에 사용
region_47_47230,47,경상북도,47230,영천시,경상북도 영천시,경상북도,영천시,경상북도영천시,API 요청의 areaCd와 signguCd 파라미터 매핑에 사용
region_47_47250,47,경상북도,47250,상주시,경상북도 상주시,경상북도,상주시,경상북도상주시,API 요청의 areaCd와 signguCd 파라미터 매핑에 사용
region_47_47280,47,경상북도,47280,문경시,경상북도 문경시,경상북도,문경시,경상북도문경시,API 요청의 areaCd와 signguCd 파라미터 매핑에 사용
region_47_47290,47,경상북도,47290,경산시,경상북도 경산시,경상북도,경산시,경상북도경산시,API 요청의 areaCd와 signguCd 파라미터 매핑에 사용
region_47_47730,47,경상북도,47730,의성군,경상북도 의성군,경상북도,의성군,경상북도의성군,API 요청의 areaCd와 signguCd 파라미터 매핑에 사용
region_47_47750,47,경상북도,47750,청송군,경상북도 청송군,경상북도,청송군,경상북도청송군,API 요청의 areaCd와 signguCd 파라미터 매핑에 사용
region_47_47760,47,경상북도,47760,영양군,경상북도 영양군,경상북도,영양군,경상북도영양군,API 요청의 areaCd와 signguCd 파라미터 매핑에 사용
region_47_47770,47,경상북도,47770,영덕군,경상북도 영덕군,경상북도,영덕군,경상북도영덕군,API 요청의 areaCd와 signguCd 파라미터 매핑에 사용
region_47_47820,47,경상북도,47820,청도군,경상북도 청도군,경상북도,청도군,경상북도청도군,API 요청의 areaCd와 signguCd 파라미터 매핑에 사용
region_47_47830,47,경상북도,47830,고령군,경상북도 고령군,경상북도,고령군,경상북도고령군,API 요청의 areaCd와 signguCd 파라미터 매핑에 사용
region_47_47840,47,경상북도,47840,성주군,경상북도 성주군,경상북도,성주군,경상북도성주군,API 요청의 areaCd와 signguCd 파라미터 매핑에 사용
region_47_47850,47,경상북도,47850,칠곡군,경상북도 칠곡군,경상북도,칠곡군,경상북도칠곡군,API 요청의 areaCd와 signguCd 파라미터 매핑에 사용
region_47_47900,47,경상북도,47900,예천군,경상북도 예천군,경상북도,예천군,경상북도예천군,API 요청의 areaCd와 signguCd 파라미터 매핑에 사용
region_47_47920,47,경상북도,47920,봉화군,경상북도 봉화군,경상북도,봉화군,경상북도봉화군,API 요청의 areaCd와 signguCd 파라미터 매핑에 사용
region_47_47930,47,경상북도,47930,울진군,경상북도 울진군,경상북도,울진군,경상북도울진군,API 요청의 areaCd와 signguCd 파라미터 매핑에 사용
region_47_47940,47,경상북도,47940,울릉군,경상북도 울릉군,경상북도,울릉군,경상북도울릉군,API 요청의 areaCd와 signguCd 파라미터 매핑에 사용
region_48_48121,48,경상남도,48121,창원시 의창구,경상남도 창원시 의창구,경상남도,창원시의창구,경상남도창원시의창구,API 요청의 areaCd와 signguCd 파라미터 매핑에 사용
region_48_48123,48,경상남도,48123,창원시 성산구,경상남도 창원시 성산구,경상남도,창원시성산구,경상남도창원시성산구,API 요청의 areaCd와 signguCd 파라미터 매핑에 사용
region_48_48125,48,경상남도,48125,창원시 마산합포구,경상남도 창원시 마산합포구,경상남도,창원시마산합포구,경상남도창원시마산합포구,API 요청의 areaCd와 signguCd 파라미터 매핑에 사용
region_48_48127,48,경상남도,48127,창원시 마산회원구,경상남도 창원시 마산회원구,경상남도,창원시마산회원구,경상남도창원시마산회원구,API 요청의 areaCd와 signguCd 파라미터 매핑에 사용
region_48_48129,48,경상남도,48129,창원시 진해구,경상남도 창원시 진해구,경상남도,창원시진해구,경상남도창원시진해구,API 요청의 areaCd와 signguCd 파라미터 매핑에 사용
region_48_48170,48,경상남도,48170,진주시,경상남도 진주시,경상남도,진주시,경상남도진주시,API 요청의 areaCd와 signguCd 파라미터 매핑에 사용
region_48_48220,48,경상남도,48220,통영시,경상남도 통영시,경상남도,통영시,경상남도통영시,API 요청의 areaCd와 signguCd 파라미터 매핑에 사용
region_48_48240,48,경상남도,48240,사천시,경상남도 사천시,경상남도,사천시,경상남도사천시,API 요청의 areaCd와 signguCd 파라미터 매핑에 사용
region_48_48250,48,경상남도,48250,김해시,경상남도 김해시,경상남도,김해시,경상남도김해시,API 요청의 areaCd와 signguCd 파라미터 매핑에 사용
region_48_48270,48,경상남도,48270,밀양시,경상남도 밀양시,경상남도,밀양시,경상남도밀양시,API 요청의 areaCd와 signguCd 파라미터 매핑에 사용
region_48_48310,48,경상남도,48310,거제시,경상남도 거제시,경상남도,거제시,경상남도거제시,API 요청의 areaCd와 signguCd 파라미터 매핑에 사용
region_48_48330,48,경상남도,48330,양산시,경상남도 양산시,경상남도,양산시,경상남도양산시,API 요청의 areaCd와 signguCd 파라미터 매핑에 사용
region_48_48720,48,경상남도,48720,의령군,경상남도 의령군,경상남도,의령군,경상남도의령군,API 요청의 areaCd와 signguCd 파라미터 매핑에 사용
region_48_48730,48,경상남도,48730,함안군,경상남도 함안군,경상남도,함안군,경상남도함안군,API 요청의 areaCd와 signguCd 파라미터 매핑에 사용
region_48_48740,48,경상남도,48740,창녕군,경상남도 창녕군,경상남도,창녕군,경상남도창녕군,API 요청의 areaCd와 signguCd 파라미터 매핑에 사용
region_48_48820,48,경상남도,48820,고성군,경상남도 고성군,경상남도,고성군,경상남도고성군,API 요청의 areaCd와 signguCd 파라미터 매핑에 사용
region_48_48840,48,경상남도,48840,남해군,경상남도 남해군,경상남도,남해군,경상남도남해군,API 요청의 areaCd와 signguCd 파라미터 매핑에 사용
region_48_48850,48,경상남도,48850,하동군,경상남도 하동군,경상남도,하동군,경상남도하동군,API 요청의 areaCd와 signguCd 파라미터 매핑에 사용
region_48_48860,48,경상남도,48860,산청군,경상남도 산청군,경상남도,산청군,경상남도산청군,API 요청의 areaCd와 signguCd 파라미터 매핑에 사용
region_48_48870,48,경상남도,48870,함양군,경상남도 함양군,경상남도,함양군,경상남도함양군,API 요청의 areaCd와 signguCd 파라미터 매핑에 사용
region_48_48880,48,경상남도,48880,거창군,경상남도 거창군,경상남도,거창군,경상남도거창군,API 요청의 areaCd와 signguCd 파라미터 매핑에 사용
region_48_48890,48,경상남도,48890,합천군,경상남도 합천군,경상남도,합천군,경상남도합천군,API 요청의 areaCd와 signguCd 파라미터 매핑에 사용
region_50_50110,50,제주특별자치도,50110,제주시,제주특별자치도 제주시,제주특별자치도,제주시,제주특별자치도제주시,API 요청의 areaCd와 signguCd 파라미터 매핑에 사용
region_50_50130,50,제주특별자치도,50130,서귀포시,제주특별자치도 서귀포시,제주특별자치도,서귀포시,제주특별자치도서귀포시,API 요청의 areaCd와 signguCd 파라미터 매핑에 사용
region_51_51110,51,강원특별자치도,51110,춘천시,강원특별자치도 춘천시,강원특별자치도,춘천시,강원특별자치도춘천시,API 요청의 areaCd와 signguCd 파라미터 매핑에 사용
region_51_51130,51,강원특별자치도,51130,원주시,강원특별자치도 원주시,강원특별자치도,원주시,강원특별자치도원주시,API 요청의 areaCd와 signguCd 파라미터 매핑에 사용
region_51_51150,51,강원특별자치도,51150,강릉시,강원특별자치도 강릉시,강원특별자치도,강릉시,강원특별자치도강릉시,API 요청의 areaCd와 signguCd 파라미터 매핑에 사용
region_51_51170,51,강원특별자치도,51170,동해시,강원특별자치도 동해시,강원특별자치도,동해시,강원특별자치도동해시,API 요청의 areaCd와 signguCd 파라미터 매핑에 사용
region_51_51190,51,강원특별자치도,51190,태백시,강원특별자치도 태백시,강원특별자치도,태백시,강원특별자치도태백시,API 요청의 areaCd와 signguCd 파라미터 매핑에 사용
region_51_51210,51,강원특별자치도,51210,속초시,강원특별자치도 속초시,강원특별자치도,속초시,강원특별자치도속초시,API 요청의 areaCd와 signguCd 파라미터 매핑에 사용
region_51_51230,51,강원특별자치도,51230,삼척시,강원특별자치도 삼척시,강원특별자치도,삼척시,강원특별자치도삼척시,API 요청의 areaCd와 signguCd 파라미터 매핑에 사용
region_51_51720,51,강원특별자치도,51720,홍천군,강원특별자치도 홍천군,강원특별자치도,홍천군,강원특별자치도홍천군,API 요청의 areaCd와 signguCd 파라미터 매핑에 사용
region_51_51730,51,강원특별자치도,51730,횡성군,강원특별자치도 횡성군,강원특별자치도,횡성군,강원특별자치도횡성군,API 요청의 areaCd와 signguCd 파라미터 매핑에 사용
region_51_51750,51,강원특별자치도,51750,영월군,강원특별자치도 영월군,강원특별자치도,영월군,강원특별자치도영월군,API 요청의 areaCd와 signguCd 파라미터 매핑에 사용
region_51_51760,51,강원특별자치도,51760,평창군,강원특별자치도 평창군,강원특별자치도,평창군,강원특별자치도평창군,API 요청의 areaCd와 signguCd 파라미터 매핑에 사용
region_51_51770,51,강원특별자치도,51770,정선군,강원특별자치도 정선군,강원특별자치도,정선군,강원특별자치도정선군,API 요청의 areaCd와 signguCd 파라미터 매핑에 사용
region_51_51780,51,강원특별자치도,51780,철원군,강원특별자치도 철원군,강원특별자치도,철원군,강원특별자치도철원군,API 요청의 areaCd와 signguCd 파라미터 매핑에 사용
region_51_51790,51,강원특별자치도,51790,화천군,강원특별자치도 화천군,강원특별자치도,화천군,강원특별자치도화천군,API 요청의 areaCd와 signguCd 파라미터 매핑에 사용
region_51_51800,51,강원특별자치도,51800,양구군,강원특별자치도 양구군,강원특별자치도,양구군,강원특별자치도양구군,API 요청의 areaCd와 signguCd 파라미터 매핑에 사용
region_51_51810,51,강원특별자치도,51810,인제군,강원특별자치도 인제군,강원특별자치도,인제군,강원특별자치도인제군,API 요청의 areaCd와 signguCd 파라미터 매핑에 사용
region_51_51820,51,강원특별자치도,51820,고성군,강원특별자치도 고성군,강원특별자치도,고성군,강원특별자치도고성군,API 요청의 areaCd와 signguCd 파라미터 매핑에 사용
region_51_51830,51,강원특별자치도,51830,양양군,강원특별자치도 양양군,강원특별자치도,양양군,강원특별자치도양양군,API 요청의 areaCd와 signguCd 파라미터 매핑에 사용
region_52_52111,52,전북특별자치도,52111,전주시 완산구,전북특별자치도 전주시 완산구,전북특별자치도,전주시완산구,전북특별자치도전주시완산구,API 요청의 areaCd와 signguCd 파라미터 매핑에 사용
region_52_52113,52,전북특별자치도,52113,전주시 덕진구,전북특별자치도 전주시 덕진구,전북특별자치도,전주시덕진구,전북특별자치도전주시덕진구,API 요청의 areaCd와 signguCd 파라미터 매핑에 사용
region_52_52130,52,전북특별자치도,52130,군산시,전북특별자치도 군산시,전북특별자치도,군산시,전북특별자치도군산시,API 요청의 areaCd와 signguCd 파라미터 매핑에 사용
region_52_52140,52,전북특별자치도,52140,익산시,전북특별자치도 익산시,전북특별자치도,익산시,전북특별자치도익산시,API 요청의 areaCd와 signguCd 파라미터 매핑에 사용
region_52_52180,52,전북특별자치도,52180,정읍시,전북특별자치도 정읍시,전북특별자치도,정읍시,전북특별자치도정읍시,API 요청의 areaCd와 signguCd 파라미터 매핑에 사용
region_52_52190,52,전북특별자치도,52190,남원시,전북특별자치도 남원시,전북특별자치도,남원시,전북특별자치도남원시,API 요청의 areaCd와 signguCd 파라미터 매핑에 사용
region_52_52210,52,전북특별자치도,52210,김제시,전북특별자치도 김제시,전북특별자치도,김제시,전북특별자치도김제시,API 요청의 areaCd와 signguCd 파라미터 매핑에 사용
region_52_52710,52,전북특별자치도,52710,완주군,전북특별자치도 완주군,전북특별자치도,완주군,전북특별자치도완주군,API 요청의 areaCd와 signguCd 파라미터 매핑에 사용
region_52_52720,52,전북특별자치도,52720,진안군,전북특별자치도 진안군,전북특별자치도,진안군,전북특별자치도진안군,API 요청의 areaCd와 signguCd 파라미터 매핑에 사용
region_52_52730,52,전북특별자치도,52730,무주군,전북특별자치도 무주군,전북특별자치도,무주군,전북특별자치도무주군,API 요청의 areaCd와 signguCd 파라미터 매핑에 사용
region_52_52740,52,전북특별자치도,52740,장수군,전북특별자치도 장수군,전북특별자치도,장수군,전북특별자치도장수군,API 요청의 areaCd와 signguCd 파라미터 매핑에 사용
region_52_52750,52,전북특별자치도,52750,임실군,전북특별자치도 임실군,전북특별자치도,임실군,전북특별자치도임실군,API 요청의 areaCd와 signguCd 파라미터 매핑에 사용
region_52_52770,52,전북특별자치도,52770,순창군,전북특별자치도 순창군,전북특별자치도,순창군,전북특별자치도순창군,API 요청의 areaCd와 signguCd 파라미터 매핑에 사용
region_52_52790,52,전북특별자치도,52790,고창군,전북특별자치도 고창군,전북특별자치도,고창군,전북특별자치도고창군,API 요청의 areaCd와 signguCd 파라미터 매핑에 사용
region_52_52800,52,전북특별자치도,52800,부안군,전북특별자치도 부안군,전북특별자치도,부안군,전북특별자치도부안군,API 요청의 areaCd와 signguCd 파라미터 매핑에 사용
