areaCd,areaNm,signguCd,signguNm,sigunguCd,sigunguNm,fullRegionNm,areaNmNormalized,signguNmNormalized,fullRegionNmNormalized
11,서울특별시,11110,종로구,11110,종로구,서울특별시 종로구,서울특별시,종로구,서울특별시종로구
11,서울특별시,11140,중구,11140,중구,서울특별시 중구,서울특별시,중구,서울특별시중구
11,서울특별시,11170,용산구,11170,용산구,서울특별시 용산구,서울특별시,용산구,서울특별시용산구
11,서울특별시,11200,성동구,11200,성동구,서울특별시 성동구,서울특별시,성동구,서울특별시성동구
11,서울특별시,11215,광진구,11215,광진구,서울특별시 광진구,서울특별시,광진구,서울특별시광진구
11,서울특별시,11230,동대문구,11230,동대문구,서울특별시 동대문구,서울특별시,동대문구,서울특별시동대문구
11,서울특별시,11260,중랑구,11260,중랑구,서울특별시 중랑구,서울특별시,중랑구,서울특별시중랑구
11,서울특별시,11290,성북구,11290,성북구,서울특별시 성북구,서울특별시,성북구,서울특별시성북구
11,서울특별시,11305,강북구,11305,강북구,서울특별시 강북구,서울특별시,강북구,서울특별시강북구
11,서울특별시,11320,도봉구,11320,도봉구,서울특별시 도봉구,서울특별시,도봉구,서울특별시도봉구
11,서울특별시,11350,노원구,11350,노원구,서울특별시 노원구,서울특별시,노원구,서울특별시노원구
11,서울특별시,11380,은평구,11380,은평구,서울특별시 은평구,서울특별시,은평구,서울특별시은평구
11,서울특별시,11410,서대문구,11410,서대문구,서울특별시 서대문구,서울특별시,서대문구,서울특별시서대문구
11,서울특별시,11440,마포구,11440,마포구,서울특별시 마포구,서울특별시,마포구,서울특별시마포구
11,서울특별시,11470,양천구,11470,양천구,서울특별시 양천구,서울특별시,양천구,서울특별시양천구
11,서울특별시,11500,강서구,11500,강서구,서울특별시 강서구,서울특별시,강서구,서울특별시강서구
11,서울특별시,11530,구로구,11530,구로구,서울특별시 구로구,서울특별시,구로구,서울특별시구로구
11,서울특별시,11545,금천구,11545,금천구,서울특별시 금천구,서울특별시,금천구,서울특별시금천구
11,서울특별시,11560,영등포구,11560,영등포구,서울특별시 영등포구,서울특별시,영등포구,서울특별시영등포구
11,서울특별시,11590,동작구,11590,동작구,서울특별시 동작구,서울특별시,동작구,서울특별시동작구
11,서울특별시,11620,관악구,11620,관악구,서울특별시 관악구,서울특별시,관악구,서울특별시관악구
11,서울특별시,11650,서초구,11650,서초구,서울특별시 서초구,서울특별시,서초구,서울특별시서초구
11,서울특별시,11680,강남구,11680,강남구,서울특별시 강남구,서울특별시,강남구,서울특별시강남구
11,서울특별시,11710,송파구,11710,송파구,서울특별시 송파구,서울특별시,송파구,서울특별시송파구
11,서울특별시,11740,강동구,11740,강동구,서울특별시 강동구,서울특별시,강동구,서울특별시강동구
26,부산광역시,26110,중구,26110,중구,부산광역시 중구,부산광역시,중구,부산광역시중구
26,부산광역시,26140,서구,26140,서구,부산광역시 서구,부산광역시,서구,부산광역시서구
26,부산광역시,26170,동구,26170,동구,부산광역시 동구,부산광역시,동구,부산광역시동구
26,부산광역시,26200,영도구,26200,영도구,부산광역시 영도구,부산광역시,영도구,부산광역시영도구
26,부산광역시,26230,부산진구,26230,부산진구,부산광역시 부산진구,부산광역시,부산진구,부산광역시부산진구
26,부산광역시,26260,동래구,26260,동래구,부산광역시 동래구,부산광역시,동래구,부산광역시동래구
26,부산광역시,26290,남구,26290,남구,부산광역시 남구,부산광역시,남구,부산광역시남구
26,부산광역시,26320,북구,26320,북구,부산광역시 북구,부산광역시,북구,부산광역시북구
26,부산광역시,26350,해운대구,26350,해운대구,부산광역시 해운대구,부산광역시,해운대구,부산광역시해운대구
26,부산광역시,26380,사하구,26380,사하구,부산광역시 사하구,부산광역시,사하구,부산광역시사하구
26,부산광역시,26410,금정구,26410,금정구,부산광역시 금정구,부산광역시,금정구,부산광역시금정구
26,부산광역시,26440,강서구,26440,강서구,부산광역시 강서구,부산광역시,강서구,부산광역시강서구
26,부산광역시,26470,연제구,26470,연제구,부산광역시 연제구,부산광역시,연제구,부산광역시연제구
26,부산광역시,26500,수영구,26500,수영구,부산광역시 수영구,부산광역시,수영구,부산광역시수영구
26,부산광역시,26530,사상구,26530,사상구,부산광역시 사상구,부산광역시,사상구,부산광역시사상구
26,부산광역시,26710,기장군,26710,기장군,부산광역시 기장군,부산광역시,기장군,부산광역시기장군
27,대구광역시,27110,중구,27110,중구,대구광역시 중구,대구광역시,중구,대구광역시중구
27,대구광역시,27140,동구,27140,동구,대구광역시 동구,대구광역시,동구,대구광역시동구
27,대구광역시,27170,서구,27170,서구,대구광역시 서구,대구광역시,서구,대구광역시서구
27,대구광역시,27200,남구,27200,남구,대구광역시 남구,대구광역시,남구,대구광역시남구
27,대구광역시,27230,북구,27230,북구,대구광역시 북구,대구광역시,북구,대구광역시북구
27,대구광역시,27260,수성구,27260,수성구,대구광역시 수성구,대구광역시,수성구,대구광역시수성구
27,대구광역시,27290,달서구,27290,달서구,대구광역시 달서구,대구광역시,달서구,대구광역시달서구
27,대구광역시,27710,달성군,27710,달성군,대구광역시 달성군,대구광역시,달성군,대구광역시달성군
27,대구광역시,27720,군위군,27720,군위군,대구광역시 군위군,대구광역시,군위군,대구광역시군위군
28,인천광역시,28110,중구,28110,중구,인천광역시 중구,인천광역시,중구,인천광역시중구
28,인천광역시,28140,동구,28140,동구,인천광역시 동구,인천광역시,동구,인천광역시동구
28,인천광역시,28177,미추홀구,28177,미추홀구,인천광역시 미추홀구,인천광역시,미추홀구,인천광역시미추홀구
28,인천광역시,28185,연수구,28185,연수구,인천광역시 연수구,인천광역시,연수구,인천광역시연수구
28,인천광역시,28200,남동구,28200,남동구,인천광역시 남동구,인천광역시,남동구,인천광역시남동구
28,인천광역시,28237,부평구,28237,부평구,인천광역시 부평구,인천광역시,부평구,인천광역시부평구
28,인천광역시,28245,계양구,28245,계양구,인천광역시 계양구,인천광역시,계양구,인천광역시계양구
28,인천광역시,28260,서구,28260,서구,인천광역시 서구,인천광역시,서구,인천광역시서구
28,인천광역시,28710,강화군,28710,강화군,인천광역시 강화군,인천광역시,강화군,인천광역시강화군
28,인천광역시,28720,옹진군,28720,옹진군,인천광역시 옹진군,인천광역시,옹진군,인천광역시옹진군
29,광주광역시,29110,동구,29110,동구,광주광역시 동구,광주광역시,동구,광주광역시동구
29,광주광역시,29140,서구,29140,서구,광주광역시 서구,광주광역시,서구,광주광역시서구
29,광주광역시,29155,남구,29155,남구,광주광역시 남구,광주광역시,남구,광주광역시남구
29,광주광역시,29170,북구,29170,북구,광주광역시 북구,광주광역시,북구,광주광역시북구
29,광주광역시,29200,광산구,29200,광산구,광주광역시 광산구,광주광역시,광산구,광주광역시광산구
30,대전광역시,30110,동구,30110,동구,대전광역시 동구,대전광역시,동구,대전광역시동구
30,대전광역시,30140,중구,30140,중구,대전광역시 중구,대전광역시,중구,대전광역시중구
30,대전광역시,30170,서구,30170,서구,대전광역시 서구,대전광역시,서구,대전광역시서구
30,대전광역시,30200,유성구,30200,유성구,대전광역시 유성구,대전광역시,유성구,대전광역시유성구
30,대전광역시,30230,대덕구,30230,대덕구,대전광역시 대덕구,대전광역시,대덕구,대전광역시대덕구
31,울산광역시,31110,중구,31110,중구,울산광역시 중구,울산광역시,중구,울산광역시중구
31,울산광역시,31140,남구,31140,남구,울산광역시 남구,울산광역시,남구,울산광역시남구
31,울산광역시,31170,동구,31170,동구,울산광역시 동구,울산광역시,동구,울산광역시동구
31,울산광역시,31200,북구,31200,북구,울산광역시 북구,울산광역시,북구,울산광역시북구
31,울산광역시,31710,울주군,31710,울주군,울산광역시 울주군,울산광역시,울주군,울산광역시울주군
36,세종특별자치시,36110,세종특별자치시,36110,세종특별자치시,세종특별자치시 세종특별자치시,세종특별자치시,세종특별자치시,세종특별자치시세종특별자치시
41,경기도,41111,수원시 장안구,41111,수원시 장안구,경기도 수원시 장안구,경기도,수원시장안구,경기도수원시장안구
41,경기도,41113,수원시 권선구,41113,수원시 권선구,경기도 수원시 권선구,경기도,수원시권선구,경기도수원시권선구
41,경기도,41115,수원시 팔달구,41115,수원시 팔달구,경기도 수원시 팔달구,경기도,수원시팔달구,경기도수원시팔달구
41,경기도,41117,수원시 영통구,41117,수원시 영통구,경기도 수원시 영통구,경기도,수원시영통구,경기도수원시영통구
41,경기도,41131,성남시 수정구,41131,성남시 수정구,경기도 성남시 수정구,경기도,성남시수정구,경기도성남시수정구
41,경기도,41133,성남시 중원구,41133,성남시 중원구,경기도 성남시 중원구,경기도,성남시중원구,경기도성남시중원구
41,경기도,41135,성남시 분당구,41135,성남시 분당구,경기도 성남시 분당구,경기도,성남시분당구,경기도성남시분당구
41,경기도,41150,의정부시,41150,의정부시,경기도 의정부시,경기도,의정부시,경기도의정부시
41,경기도,41171,안양시 만안구,41171,안양시 만안구,경기도 안양시 만안구,경기도,안양시만안구,경기도안양시만안구
41,경기도,41173,안양시 동안구,41173,안양시 동안구,경기도 안양시 동안구,경기도,안양시동안구,경기도안양시동안구
41,경기도,41192,부천시 원미구,41192,부천시 원미구,경기도 부천시 원미구,경기도,부천시원미구,경기도부천시원미구
41,경기도,41194,부천시 소사구,41194,부천시 소사구,경기도 부천시 소사구,경기도,부천시소사구,경기도부천시소사구
41,경기도,41196,부천시 오정구,41196,부천시 오정구,경기도 부천시 오정구,경기도,부천시오정구,경기도부천시오정구
41,경기도,41210,광명시,41210,광명시,경기도 광명시,경기도,광명시,경기도광명시
41,경기도,41220,평택시,41220,평택시,경기도 평택시,경기도,평택시,경기도평택시
41,경기도,41250,동두천시,41250,동두천시,경기도 동두천시,경기도,동두천시,경기도동두천시
41,경기도,41271,안산시 상록구,41271,안산시 상록구,경기도 안산시 상록구,경기도,안산시상록구,경기도안산시상록구
41,경기도,41273,안산시 단원구,41273,안산시 단원구,경기도 안산시 단원구,경기도,안산시단원구,경기도안산시단원구
41,경기도,41281,고양시 덕양구,41281,고양시 덕양구,경기도 고양시 덕양구,경기도,고양시덕양구,경기도고양시덕양구
41,경기도,41285,고양시 일산동구,41285,고양시 일산동구,경기도 고양시 일산동구,경기도,고양시일산동구,경기도고양시일산동구
41,경기도,41287,고양시 일산서구,41287,고양시 일산서구,경기도 고양시 일산서구,경기도,고양시일산서구,경기도고양시일산서구
41,경기도,41290,과천시,41290,과천시,경기도 과천시,경기도,과천시,경기도과천시
41,경기도,41310,구리시,41310,구리시,경기도 구리시,경기도,구리시,경기도구리시
41,경기도,41360,남양주시,41360,남양주시,경기도 남양주시,경기도,남양주시,경기도남양주시
41,경기도,41370,오산시,41370,오산시,경기도 오산시,경기도,오산시,경기도오산시
41,경기도,41390,시흥시,41390,시흥시,경기도 시흥시,경기도,시흥시,경기도시흥시
41,경기도,41410,군포시,41410,군포시,경기도 군포시,경기도,군포시,경기도군포시
41,경기도,41430,의왕시,41430,의왕시,경기도 의왕시,경기도,의왕시,경기도의왕시
41,경기도,41450,하남시,41450,하남시,경기도 하남시,경기도,하남시,경기도하남시
41,경기도,41461,용인시 처인구,41461,용인시 처인구,경기도 용인시 처인구,경기도,용인시처인구,경기도용인시처인구
41,경기도,41463,용인시 기흥구,41463,용인시 기흥구,경기도 용인시 기흥구,경기도,용인시기흥구,경기도용인시기흥구
41,경기도,41465,용인시 수지구,41465,용인시 수지구,경기도 용인시 수지구,경기도,용인시수지구,경기도용인시수지구
41,경기도,41480,파주시,41480,파주시,경기도 파주시,경기도,파주시,경기도파주시
41,경기도,41500,이천시,41500,이천시,경기도 이천시,경기도,이천시,경기도이천시
41,경기도,41550,안성시,41550,안성시,경기도 안성시,경기도,안성시,경기도안성시
41,경기도,41570,김포시,41570,김포시,경기도 김포시,경기도,김포시,경기도김포시
41,경기도,41590,화성시,41590,화성시,경기도 화성시,경기도,화성시,경기도화성시
41,경기도,41610,광주시,41610,광주시,경기도 광주시,경기도,광주시,경기도광주시
41,경기도,41630,양주시,41630,양주시,경기도 양주시,경기도,양주시,경기도양주시
41,경기도,41650,포천시,41650,포천시,경기도 포천시,경기도,포천시,경기도포천시
41,경기도,41670,여주시,41670,여주시,경기도 여주시,경기도,여주시,경기도여주시
41,경기도,41800,연천군,41800,연천군,경기도 연천군,경기도,연천군,경기도연천군
41,경기도,41820,가평군,41820,가평군,경기도 가평군,경기도,가평군,경기도가평군
41,경기도,41830,양평군,41830,양평군,경기도 양평군,경기도,양평군,경기도양평군
43,충청북도,43111,청주시 상당구,43111,청주시 상당구,충청북도 청주시 상당구,충청북도,청주시상당구,충청북도청주시상당구
43,충청북도,43112,청주시 서원구,43112,청주시 서원구,충청북도 청주시 서원구,충청북도,청주시서원구,충청북도청주시서원구
43,충청북도,43113,청주시 흥덕구,43113,청주시 흥덕구,충청북도 청주시 흥덕구,충청북도,청주시흥덕구,충청북도청주시흥덕구
43,충청북도,43114,청주시 청원구,43114,청주시 청원구,충청북도 청주시 청원구,충청북도,청주시청원구,충청북도청주시청원구
43,충청북도,43130,충주시,43130,충주시,충청북도 충주시,충청북도,충주시,충청북도충주시
43,충청북도,43150,제천시,43150,제천시,충청북도 제천시,충청북도,제천시,충청북도제천시
43,충청북도,43720,보은군,43720,보은군,충청북도 보은군,충청북도,보은군,충청북도보은군
43,충청북도,43730,옥천군,43730,옥천군,충청북도 옥천군,충청북도,옥천군,충청북도옥천군
43,충청북도,43740,영동군,43740,영동군,충청북도 영동군,충청북도,영동군,충청북도영동군
43,충청북도,43745,증평군,43745,증평군,충청북도 증평군,충청북도,증평군,충청북도증평군
43,충청북도,43750,진천군,43750,진천군,충청북도 진천군,충청북도,진천군,충청북도진천군
43,충청북도,43760,괴산군,43760,괴산군,충청북도 괴산군,충청북도,괴산군,충청북도괴산군
43,충청북도,43770,음성군,43770,음성군,충청북도 음성군,충청북도,음성군,충청북도음성군
43,충청북도,43800,단양군,43800,단양군,충청북도 단양군,충청북도,단양군,충청북도단양군
44,충청남도,44131,천안시 동남구,44131,천안시 동남구,충청남도 천안시 동남구,충청남도,천안시동남구,충청남도천안시동남구
44,충청남도,44133,천안시 서북구,44133,천안시 서북구,충청남도 천안시 서북구,충청남도,천안시서북구,충청남도천안시서북구
44,충청남도,44150,공주시,44150,공주시,충청남도 공주시,충청남도,공주시,충청남도공주시
44,충청남도,44180,보령시,44180,보령시,충청남도 보령시,충청남도,보령시,충청남도보령시
44,충청남도,44200,아산시,44200,아산시,충청남도 아산시,충청남도,아산시,충청남도아산시
44,충청남도,44210,서산시,44210,서산시,충청남도 서산시,충청남도,서산시,충청남도서산시
44,충청남도,44230,논산시,44230,논산시,충청남도 논산시,충청남도,논산시,충청남도논산시
44,충청남도,44250,계룡시,44250,계룡시,충청남도 계룡시,충청남도,계룡시,충청남도계룡시
44,충청남도,44270,당진시,44270,당진시,충청남도 당진시,충청남도,당진시,충청남도당진시
44,충청남도,44710,금산군,44710,금산군,충청남도 금산군,충청남도,금산군,충청남도금산군
44,충청남도,44760,부여군,44760,부여군,충청남도 부여군,충청남도,부여군,충청남도부여군
44,충청남도,44770,서천군,44770,서천군,충청남도 서천군,충청남도,서천군,충청남도서천군
44,충청남도,44790,청양군,44790,청양군,충청남도 청양군,충청남도,청양군,충청남도청양군
44,충청남도,44800,홍성군,44800,홍성군,충청남도 홍성군,충청남도,홍성군,충청남도홍성군
44,충청남도,44810,예산군,44810,예산군,충청남도 예산군,충청남도,예산군,충청남도예산군
44,충청남도,44825,태안군,44825,태안군,충청남도 태안군,충청남도,태안군,충청남도태안군
46,전라남도,46110,목포시,46110,목포시,전라남도 목포시,전라남도,목포시,전라남도목포시
46,전라남도,46130,여수시,46130,여수시,전라남도 여수시,전라남도,여수시,전라남도여수시
46,전라남도,46150,순천시,46150,순천시,전라남도 순천시,전라남도,순천시,전라남도순천시
46,전라남도,46170,나주시,46170,나주시,전라남도 나주시,전라남도,나주시,전라남도나주시
46,전라남도,46230,광양시,46230,광양시,전라남도 광양시,전라남도,광양시,전라남도광양시
46,전라남도,46710,담양군,46710,담양군,전라남도 담양군,전라남도,담양군,전라남도담양군
46,전라남도,46720,곡성군,46720,곡성군,전라남도 곡성군,전라남도,곡성군,전라남도곡성군
46,전라남도,46730,구례군,46730,구례군,전라남도 구례군,전라남도,구례군,전라남도구례군
46,전라남도,46770,고흥군,46770,고흥군,전라남도 고흥군,전라남도,고흥군,전라남도고흥군
46,전라남도,46780,보성군,46780,보성군,전라남도 보성군,전라남도,보성군,전라남도보성군
46,전라남도,46790,화순군,46790,화순군,전라남도 화순군,전라남도,화순군,전라남도화순군
46,전라남도,46800,장흥군,46800,장흥군,전라남도 장흥군,전라남도,장흥군,전라남도장흥군
46,전라남도,46810,강진군,46810,강진군,전라남도 강진군,전라남도,강진군,전라남도강진군
46,전라남도,46820,해남군,46820,해남군,전라남도 해남군,전라남도,해남군,전라남도해남군
46,전라남도,46830,영암군,46830,영암군,전라남도 영암군,전라남도,영암군,전라남도영암군
46,전라남도,46840,무안군,46840,무안군,전라남도 무안군,전라남도,무안군,전라남도무안군
46,전라남도,46860,함평군,46860,함평군,전라남도 함평군,전라남도,함평군,전라남도함평군
46,전라남도,46870,영광군,46870,영광군,전라남도 영광군,전라남도,영광군,전라남도영광군
46,전라남도,46880,장성군,46880,장성군,전라남도 장성군,전라남도,장성군,전라남도장성군
46,전라남도,46890,완도군,46890,완도군,전라남도 완도군,전라남도,완도군,전라남도완도군
46,전라남도,46900,진도군,46900,진도군,전라남도 진도군,전라남도,진도군,전라남도진도군
46,전라남도,46910,신안군,46910,신안군,전라남도 신안군,전라남도,신안군,전라남도신안군
47,경상북도,47111,포항시 남구,47111,포항시 남구,경상북도 포항시 남구,경상북도,포항시남구,경상북도포항시남구
47,경상북도,47113,포항시 북구,47113,포항시 북구,경상북도 포항시 북구,경상북도,포항시북구,경상북도포항시북구
47,경상북도,47130,경주시,47130,경주시,경상북도 경주시,경상북도,경주시,경상북도경주시
47,경상북도,47150,김천시,47150,김천시,경상북도 김천시,경상북도,김천시,경상북도김천시
47,경상북도,47170,안동시,47170,안동시,경상북도 안동시,경상북도,안동시,경상북도안동시
47,경상북도,47190,구미시,47190,구미시,경상북도 구미시,경상북도,구미시,경상북도구미시
47,경상북도,47210,영주시,47210,영주시,경상북도 영주시,경상북도,영주시,경상북도영주시
47,경상북도,47230,영천시,47230,영천시,경상북도 영천시,경상북도,영천시,경상북도영천시
47,경상북도,47250,상주시,47250,상주시,경상북도 상주시,경상북도,상주시,경상북도상주시
47,경상북도,47280,문경시,47280,문경시,경상북도 문경시,경상북도,문경시,경상북도문경시
47,경상북도,47290,경산시,47290,경산시,경상북도 경산시,경상북도,경산시,경상북도경산시
47,경상북도,47730,의성군,47730,의성군,경상북도 의성군,경상북도,의성군,경상북도의성군
47,경상북도,47750,청송군,47750,청송군,경상북도 청송군,경상북도,청송군,경상북도청송군
47,경상북도,47760,영양군,47760,영양군,경상북도 영양군,경상북도,영양군,경상북도영양군
47,경상북도,47770,영덕군,47770,영덕군,경상북도 영덕군,경상북도,영덕군,경상북도영덕군
47,경상북도,47820,청도군,47820,청도군,경상북도 청도군,경상북도,청도군,경상북도청도군
47,경상북도,47830,고령군,47830,고령군,경상북도 고령군,경상북도,고령군,경상북도고령군
47,경상북도,47840,성주군,47840,성주군,경상북도 성주군,경상북도,성주군,경상북도성주군
47,경상북도,47850,칠곡군,47850,칠곡군,경상북도 칠곡군,경상북도,칠곡군,경상북도칠곡군
47,경상북도,47900,예천군,47900,예천군,경상북도 예천군,경상북도,예천군,경상북도예천군
47,경상북도,47920,봉화군,47920,봉화군,경상북도 봉화군,경상북도,봉화군,경상북도봉화군
47,경상북도,47930,울진군,47930,울진군,경상북도 울진군,경상북도,울진군,경상북도울진군
47,경상북도,47940,울릉군,47940,울릉군,경상북도 울릉군,경상북도,울릉군,경상북도울릉군
48,경상남도,48121,창원시 의창구,48121,창원시 의창구,경상남도 창원시 의창구,경상남도,창원시의창구,경상남도창원시의창구
48,경상남도,48123,창원시 성산구,48123,창원시 성산구,경상남도 창원시 성산구,경상남도,창원시성산구,경상남도창원시성산구
48,경상남도,48125,창원시 마산합포구,48125,창원시 마산합포구,경상남도 창원시 마산합포구,경상남도,창원시마산합포구,경상남도창원시마산합포구
48,경상남도,48127,창원시 마산회원구,48127,창원시 마산회원구,경상남도 창원시 마산회원구,경상남도,창원시마산회원구,경상남도창원시마산회원구
48,경상남도,48129,창원시 진해구,48129,창원시 진해구,경상남도 창원시 진해구,경상남도,창원시진해구,경상남도창원시진해구
48,경상남도,48170,진주시,48170,진주시,경상남도 진주시,경상남도,진주시,경상남도진주시
48,경상남도,48220,통영시,48220,통영시,경상남도 통영시,경상남도,통영시,경상남도통영시
48,경상남도,48240,사천시,48240,사천시,경상남도 사천시,경상남도,사천시,경상남도사천시
48,경상남도,48250,김해시,48250,김해시,경상남도 김해시,경상남도,김해시,경상남도김해시
48,경상남도,48270,밀양시,48270,밀양시,경상남도 밀양시,경상남도,밀양시,경상남도밀양시
48,경상남도,48310,거제시,48310,거제시,경상남도 거제시,경상남도,거제시,경상남도거제시
48,경상남도,48330,양산시,48330,양산시,경상남도 양산시,경상남도,양산시,경상남도양산시
48,경상남도,48720,의령군,48720,의령군,경상남도 의령군,경상남도,의령군,경상남도의령군
48,경상남도,48730,함안군,48730,함안군,경상남도 함안군,경상남도,함안군,경상남도함안군
48,경상남도,48740,창녕군,48740,창녕군,경상남도 창녕군,경상남도,창녕군,경상남도창녕군
48,경상남도,48820,고성군,48820,고성군,경상남도 고성군,경상남도,고성군,경상남도고성군
48,경상남도,48840,남해군,48840,남해군,경상남도 남해군,경상남도,남해군,경상남도남해군
48,경상남도,48850,하동군,48850,하동군,경상남도 하동군,경상남도,하동군,경상남도하동군
48,경상남도,48860,산청군,48860,산청군,경상남도 산청군,경상남도,산청군,경상남도산청군
48,경상남도,48870,함양군,48870,함양군,경상남도 함양군,경상남도,함양군,경상남도함양군
48,경상남도,48880,거창군,48880,거창군,경상남도 거창군,경상남도,거창군,경상남도거창군
48,경상남도,48890,합천군,48890,합천군,경상남도 합천군,경상남도,합천군,경상남도합천군
50,제주특별자치도,50110,제주시,50110,제주시,제주특별자치도 제주시,제주특별자치도,제주시,제주특별자치도제주시
50,제주특별자치도,50130,서귀포시,50130,서귀포시,제주특별자치도 서귀포시,제주특별자치도,서귀포시,제주특별자치도서귀포시
51,강원특별자치도,51110,춘천시,51110,춘천시,강원특별자치도 춘천시,강원특별자치도,춘천시,강원특별자치도춘천시
51,강원특별자치도,51130,원주시,51130,원주시,강원특별자치도 원주시,강원특별자치도,원주시,강원특별자치도원주시
51,강원특별자치도,51150,강릉시,51150,강릉시,강원특별자치도 강릉시,강원특별자치도,강릉시,강원특별자치도강릉시
51,강원특별자치도,51170,동해시,51170,동해시,강원특별자치도 동해시,강원특별자치도,동해시,강원특별자치도동해시
51,강원특별자치도,51190,태백시,51190,태백시,강원특별자치도 태백시,강원특별자치도,태백시,강원특별자치도태백시
51,강원특별자치도,51210,속초시,51210,속초시,강원특별자치도 속초시,강원특별자치도,속초시,강원특별자치도속초시
51,강원특별자치도,51230,삼척시,51230,삼척시,강원특별자치도 삼척시,강원특별자치도,삼척시,강원특별자치도삼척시
51,강원특별자치도,51720,홍천군,51720,홍천군,강원특별자치도 홍천군,강원특별자치도,홍천군,강원특별자치도홍천군
51,강원특별자치도,51730,횡성군,51730,횡성군,강원특별자치도 횡성군,강원특별자치도,횡성군,강원특별자치도횡성군
51,강원특별자치도,51750,영월군,51750,영월군,강원특별자치도 영월군,강원특별자치도,영월군,강원특별자치도영월군
51,강원특별자치도,51760,평창군,51760,평창군,강원특별자치도 평창군,강원특별자치도,평창군,강원특별자치도평창군
51,강원특별자치도,51770,정선군,51770,정선군,강원특별자치도 정선군,강원특별자치도,정선군,강원특별자치도정선군
51,강원특별자치도,51780,철원군,51780,철원군,강원특별자치도 철원군,강원특별자치도,철원군,강원특별자치도철원군
51,강원특별자치도,51790,화천군,51790,화천군,강원특별자치도 화천군,강원특별자치도,화천군,강원특별자치도화천군
51,강원특별자치도,51800,양구군,51800,양구군,강원특별자치도 양구군,강원특별자치도,양구군,강원특별자치도양구군
51,강원특별자치도,51810,인제군,51810,인제군,강원특별자치도 인제군,강원특별자치도,인제군,강원특별자치도인제군
51,강원특별자치도,51820,고성군,51820,고성군,강원특별자치도 고성군,강원특별자치도,고성군,강원특별자치도고성군
51,강원특별자치도,51830,양양군,51830,양양군,강원특별자치도 양양군,강원특별자치도,양양군,강원특별자치도양양군
52,전북특별자치도,52111,전주시 완산구,52111,전주시 완산구,전북특별자치도 전주시 완산구,전북특별자치도,전주시완산구,전북특별자치도전주시완산구
52,전북특별자치도,52113,전주시 덕진구,52113,전주시 덕진구,전북특별자치도 전주시 덕진구,전북특별자치도,전주시덕진구,전북특별자치도전주시덕진구
52,전북특별자치도,52130,군산시,52130,군산시,전북특별자치도 군산시,전북특별자치도,군산시,전북특별자치도군산시
52,전북특별자치도,52140,익산시,52140,익산시,전북특별자치도 익산시,전북특별자치도,익산시,전북특별자치도익산시
52,전북특별자치도,52180,정읍시,52180,정읍시,전북특별자치도 정읍시,전북특별자치도,정읍시,전북특별자치도정읍시
52,전북특별자치도,52190,남원시,52190,남원시,전북특별자치도 남원시,전북특별자치도,남원시,전북특별자치도남원시
52,전북특별자치도,52210,김제시,52210,김제시,전북특별자치도 김제시,전북특별자치도,김제시,전북특별자치도김제시
52,전북특별자치도,52710,완주군,52710,완주군,전북특별자치도 완주군,전북특별자치도,완주군,전북특별자치도완주군
52,전북특별자치도,52720,진안군,52720,진안군,전북특별자치도 진안군,전북특별자치도,진안군,전북특별자치도진안군
52,전북특별자치도,52730,무주군,52730,무주군,전북특별자치도 무주군,전북특별자치도,무주군,전북특별자치도무주군
52,전북특별자치도,52740,장수군,52740,장수군,전북특별자치도 장수군,전북특별자치도,장수군,전북특별자치도장수군
52,전북특별자치도,52750,임실군,52750,임실군,전북특별자치도 임실군,전북특별자치도,임실군,전북특별자치도임실군
52,전북특별자치도,52770,순창군,52770,순창군,전북특별자치도 순창군,전북특별자치도,순창군,전북특별자치도순창군
52,전북특별자치도,52790,고창군,52790,고창군,전북특별자치도 고창군,전북특별자치도,고창군,전북특별자치도고창군
52,전북특별자치도,52800,부안군,52800,부안군,전북특별자치도 부안군,전북특별자치도,부안군,전북특별자치도부안군
